taxon_category,flagged,retained,percentage_flagged
all,450,920,32.8467153284672
HOMD,3,34,8.10810810810811
core_hominid,2,32,5.88235294117647
common_contams,161,300,34.9240780911063
